A1,A2,A3,A4,A5,A6,A7,A8,A9,A10,Target
-0.4979810996563573,0.0,0.0,14.435624999999995,-5.842016399622611E-4,5.6375000000000455,-48.11874999999998,-48.11874999999998,1.7254375000000053,0.009044657998869417,Rise
5.6375000000000455,-48.11874999999998,-48.11874999999998,1.7254375000000053,0.009044657998869417,9.25,-41.038541666666646,-41.038541666666646,-2.2520812500000034,0.002793296089385475,Rise
9.25,-41.038541666666646,-41.038541666666646,-2.2520812500000034,0.002793296089385475,0.5,-27.72065972222225,-27.72065972222225,-3.432420625000006,0.008287292817679558,Rise
0.5,-27.72065972222225,-27.72065972222225,-3.432420625000006,0.008287292817679558,-12.200000000000045,-16.344126157407402,-16.344126157407402,-3.735038312499995,0.003004643540016389,Rise
-12.200000000000045,-16.344126157407402,-16.344126157407402,-3.735038312499995,0.003004643540016389,-0.8499999999999659,-6.9666618441357855,-6.9666618441357855,-2.511315956249973,0.003257328990228013,Down
-0.8499999999999659,-6.9666618441357855,-6.9666618441357855,-2.511315956249973,0.003257328990228013,5.75,-2.939863843878584,-2.939863843878584,-1.3119360581250135,-0.0027129679869777536,Down
5.75,-2.939863843878584,-2.939863843878584,-1.3119360581250135,-0.0027129679869777536,6.949999999999989,-2.247109562542903,-2.247109562542903,-0.6297348770625035,-0.010445299615173173,Down
6.949999999999989,-2.247109562542903,-2.247109562542903,-0.6297348770625035,-0.010445299615173173,4.75,-2.540947328139282,-2.540947328139282,-0.4091275473312521,-0.0013908205841446453,Rise
4.75,-2.540947328139282,-2.540947328139282,-0.4091275473312521,-0.0013908205841446453,4.75,-2.534604513025613,-2.534604513025613,-0.26111983894563195,0.008287292817679558,Rise
4.75,-2.534604513025613,-2.534604513025613,-0.26111983894563195,0.008287292817679558,5.100000000000023,-2.4803458728314354,-2.4803458728314354,-0.14699355864081554,0.022495982860203535,Rise
5.100000000000023,-2.4803458728314354,-2.4803458728314354,-0.14699355864081554,0.022495982860203535,-5.350000000000023,-2.4945208085219406,-2.4945208085219406,-0.6058569628212069,0.026517083120856707,Rise
-5.350000000000023,-2.4945208085219406,-2.4945208085219406,-0.6058569628212069,0.026517083120856707,2.1000000000000227,-0.7737096949630882,-0.7737096949630882,-0.24984459151107785,0.0,Rise
2.1000000000000227,-0.7737096949630882,-0.7737096949630882,-0.24984459151107785,0.0,8.449999999999989,-0.5790046110489016,-0.5790046110489016,0.22442803818415769,0.0,Rise
8.449999999999989,-0.5790046110489016,-0.5790046110489016,0.22442803818415769,0.0,8.449999999999989,-1.7618855600469487,-1.7618855600469487,0.32182421945591955,0.009106571498892444,Rise
8.449999999999989,-1.7618855600469487,-1.7618855600469487,0.32182421945591955,0.009106571498892444,2.3500000000000227,-2.780070531530953,-2.780070531530953,-0.018321770053745468,0.013237063778580024,Rise
2.3500000000000227,-2.780070531530953,-2.780070531530953,-0.018321770053745468,0.013237063778580024,-3.2000000000000455,-2.4147445162680015,-2.4147445162680015,-0.3942012128958936,0.0,Rise
-3.2000000000000455,-2.4147445162680015,-2.4147445162680015,-0.3942012128958936,0.0,-14.049999999999955,-1.0156086749681776,-1.0156086749681776,-0.9706248031693576,0.014743739761291832,Rise
-14.049999999999955,-1.0156086749681776,-1.0156086749681776,-0.9706248031693576,0.014743739761291832,-28.150000000000034,1.8977835235712064,1.8977835235712064,-1.6544269196175208,0.014321436690156853,Rise
-28.150000000000034,1.8977835235712064,1.8977835235712064,-1.6544269196175208,0.014321436690156853,-6.0,6.4424210488040785,6.4424210488040785,-0.42118217062849794,0.0,Down
-6.0,6.4424210488040785,6.4424210488040785,-0.42118217062849794,0.0,-12.649999999999977,6.052386953408131,6.052386953408131,-0.29947231180602785,-0.004502476361999099,Down
-12.649999999999977,6.052386953408131,6.052386953408131,-0.29947231180602785,-0.004502476361999099,10.574999999999989,6.078252286372788,6.078252286372788,0.9581851082018602,-0.025986078886310906,Down
10.574999999999989,6.078252286372788,6.078252286372788,0.9581851082018602,-0.025986078886310906,10.574999999999989,2.2939790797426554,2.2939790797426554,1.143845312563883,-0.009134615384615385,Down
10.574999999999989,2.2939790797426554,2.2939790797426554,1.143845312563883,-0.009134615384615385,-6.699999999999989,-0.8638928146099261,-0.8638928146099261,0.10702431135970869,-0.012776412776412777,Down
-6.699999999999989,-0.8638928146099261,-0.8638928146099261,0.10702431135970869,-0.012776412776412777,3.4499999999999886,0.014426141201283826,0.014426141201283826,0.2820731487265107,-0.012600806451612902,Down
3.4499999999999886,0.014426141201283826,0.014426141201283826,0.2820731487265107,-0.012600806451612902,3.8500000000000227,-0.41899607989722654,-0.41899607989722654,0.2981731701912622,-0.0061633281972265025,Down
3.8500000000000227,-0.41899607989722654,-0.41899607989722654,0.2981731701912622,-0.0061633281972265025,-2.8500000000000227,-0.993234423447916,-0.993234423447916,-0.09163145740757273,-0.02925531914893617,Rise
-2.8500000000000227,-0.993234423447916,-0.993234423447916,-0.09163145740757273,-0.02925531914893617,4.400000000000034,-0.28286267289036005,-0.28286267289036005,0.1722534457942686,0.006802721088435374,Down
4.400000000000034,-0.28286267289036005,-0.28286267289036005,0.1722534457942686,0.006802721088435374,-7.7000000000000455,-0.8035131568340148,-0.8035131568340148,-0.38803177240401965,-0.006802721088435374,Down
-7.7000000000000455,-0.8035131568340148,-0.8035131568340148,-0.38803177240401965,-0.006802721088435374,0.10000000000002274,0.660882814786703,0.660882814786703,-0.08851098338269026,-0.013888888888888888,Rise
0.10000000000002274,0.660882814786703,0.660882814786703,-0.08851098338269026,-0.013888888888888888,4.850000000000023,0.667987871794594,0.667987871794594,0.2565474500002267,0.0,Rise
4.850000000000023,0.667987871794594,0.667987871794594,0.2565474500002267,0.0,11.799999999999955,-0.3618239093023021,-0.3618239093023021,0.6562554900150701,0.001687289088863892,Down
11.799999999999955,-0.3618239093023021,-0.3618239093023021,0.6562554900150701,0.001687289088863892,-1.25,-2.37951790305101,-2.37951790305101,-0.007583195983499991,-0.014236902050113895,Down
-1.25,-2.37951790305101,-2.37951790305101,-0.007583195983499991,-0.014236902050113895,10.400000000000034,-1.7142942676587722,-1.7142942676587722,0.37728183741364774,-0.014654161781946073,Rise
10.400000000000034,-1.7142942676587722,-1.7142942676587722,0.37728183741364774,-0.014654161781946073,7.399999999999977,-2.765325572540462,-2.765325572540462,0.2672849799500341,0.0,Down
7.399999999999977,-2.765325572540462,-2.765325572540462,0.2672849799500341,0.0,12.449999999999989,-3.252055599173957,-3.252055599173957,0.433328926720975,-0.0014894250819183796,Rise
12.449999999999989,-3.252055599173957,-3.252055599173957,0.433328926720975,-0.0014894250819183796,1.375,-4.3241587372215236,-4.3241587372215236,-0.15727367459194852,0.0,Rise
1.375,-4.3241587372215236,-4.3241587372215236,-0.15727367459194852,0.0,1.375,-3.290623014488972,-3.290623014488972,-0.30299972006744724,0.00857734398107069,Rise
1.375,-3.290623014488972,-3.290623014488972,-0.30299972006744724,0.00857734398107069,7.050000000000011,-2.250659389203861,-2.250659389203861,-0.002367589696604,0.0066996795805418004,Rise
7.050000000000011,-2.250659389203861,-2.250659389203861,-0.002367589696604,0.0066996795805418004,5.800000000000011,-2.502112321921743,-2.502112321921743,0.02579556735398114,0.006611095142282265,Rise
5.800000000000011,-2.502112321921743,-2.502112321921743,0.02579556735398114,0.006611095142282265,12.699999999999989,-2.6766503700674775,-2.6766503700674775,0.37408540099835363,0.0056785917092561046,Rise
12.699999999999989,-2.6766503700674775,-2.6766503700674775,0.37408540099835363,0.0056785917092561046,34.30000000000001,-3.9301899214025866,-3.9301899214025866,1.4837552708920043,0.010890812622172577,Rise
34.30000000000001,-3.9301899214025866,-3.9301899214025866,1.4837552708920043,0.010890812622172577,-5.449999999999989,-8.545716539490911,-8.545716539490911,-0.46759482231828997,0.026881720430107527,Rise
-5.449999999999989,-8.545716539490911,-8.545716539490911,-0.46759482231828997,0.026881720430107527,-0.75,-5.558065462675302,-5.558065462675302,-0.7244808858177407,0.014193548387096775,Rise
-0.75,-5.558065462675302,-5.558065462675302,-0.7244808858177407,0.014193548387096775,22.899999999999977,-3.082435128980933,-3.082435128980933,0.5258494722959881,0.013801756587202008,Rise
22.899999999999977,-3.082435128980933,-3.082435128980933,0.5258494722959881,0.013801756587202008,22.900000000000034,-5.459018363704843,-5.459018363704843,0.795778685270875,0.0024691358024691358,Down
22.900000000000034,-5.459018363704843,-5.459018363704843,0.795778685270875,0.0024691358024691358,-6.7000000000000455,-7.852109448257238,-7.852109448257238,-0.762398287890818,-0.0024691358024691358,Down
-6.7000000000000455,-7.852109448257238,-7.852109448257238,-0.762398287890818,-0.0024691358024691358,-5.5499999999999545,-4.516921479596931,-4.516921479596931,-1.0198717222611435,-0.0024813895781637717,Rise
-5.5499999999999545,-4.516921479596931,-4.516921479596931,-1.0198717222611435,-0.0024813895781637717,8.199999999999989,-1.5304163249545581,-1.5304163249545581,-0.20563940812002102,0.007407407407407408,Rise
8.199999999999989,-1.5304163249545581,-1.5304163249545581,-0.20563940812002102,0.007407407407407408,13.099999999999966,-1.8891933575292796,-1.8891933575292796,0.32475816774629607,0.0024449877750611247,Rise
13.099999999999966,-1.8891933575292796,-1.8891933575292796,0.32475816774629607,0.0024449877750611247,14.600000000000023,-3.502591743781977,-3.502591743781977,0.4939258069569519,0.0,Rise
14.600000000000023,-3.502591743781977,-3.502591743781977,0.4939258069569519,0.0,30.05000000000001,-5.03729422689679,-5.03729422689679,1.218390937328735,0.0024330900243309003,Rise
30.05000000000001,-5.03729422689679,-5.03729422689679,1.218390937328735,0.0024330900243309003,9.599999999999966,-8.622313231783664,-8.622313231783664,0.16955228897455754,0.0,Rise
9.599999999999966,-8.622313231783664,-8.622313231783664,0.16955228897455754,0.0,9.600000000000023,-7.9457119886702685,-7.9457119886702685,-0.17900976332663276,0.0,Rise
9.600000000000023,-7.9457119886702685,-7.9457119886702685,-0.17900976332663276,0.0,15.450000000000045,-6.784374451927988,-6.784374451927988,0.044723573648354886,0.00842358604091456,Rise
15.450000000000045,-6.784374451927988,-6.784374451927988,0.044723573648354886,0.00842358604091456,17.34999999999991,-6.9043600451616385,-6.9043600451616385,0.19789886001115065,0.023310023310023312,Rise
17.34999999999991,-6.9043600451616385,-6.9043600451616385,0.19789886001115065,0.023310023310023312,1.3500000000000227,-7.514570962313428,-7.514570962313428,-0.5957283260822237,0.01348314606741573,Rise
1.3500000000000227,-7.514570962313428,-7.514570962313428,-0.5957283260822237,0.01348314606741573,12.399999999999977,-5.336415794400978,-5.336415794400978,-0.16217081669378786,0.007700770077007701,Rise
12.399999999999977,-5.336415794400978,-5.336415794400978,-0.16217081669378786,0.007700770077007701,12.400000000000091,-5.261251334948497,-5.261251334948497,3.305994615061536E-4,0.007583965330444204,Rise
12.400000000000091,-5.261251334948497,-5.261251334948497,3.305994615061536E-4,0.007583965330444204,5.949999999999932,-5.561640146723676,-5.561640146723676,-0.27348509558424894,0.038262668045501554,Rise
5.949999999999932,-5.561640146723676,-5.561640146723676,-0.27348509558424894,0.038262668045501554,-36.89999999999998,-4.7494915664450446,-4.7494915664450446,-2.4434327849810416,0.01761252446183953,Rise
-36.89999999999998,-4.7494915664450446,-4.7494915664450446,-2.4434327849810416,0.01761252446183953,-19.549999999999955,3.1190303857497383,3.1190303857497383,-1.738230534803904,0.0,Rise
-19.549999999999955,3.1190303857497383,3.1190303857497383,-1.738230534803904,0.0,-65.50000000000006,6.649107249199005,6.649107249199005,-3.4765237527900297,0.0,Rise
-65.50000000000006,6.649107249199005,6.649107249199005,-3.4765237527900297,0.0,-2.4499999999999886,15.937750976707491,15.937750976707491,-0.15020696762780972,0.0019193857965451055,Rise
-2.4499999999999886,15.937750976707491,15.937750976707491,-0.15020696762780972,0.0019193857965451055,60.10000000000002,12.581607939056425,12.581607939056425,4.00522946144639,0.027932960893854747,Rise
60.10000000000002,12.581607939056425,12.581607939056425,4.00522946144639,0.027932960893854747,-2.650000000000034,-2.188285213570907,-2.188285213570907,1.3133144978793894,0.0,Rise
-2.650000000000034,-2.188285213570907,-2.188285213570907,1.3133144978793894,0.0,15.750000000000057,-3.4788390011518118,-3.4788390011518118,1.1630771092333987,0.008976660682226212,Rise
15.750000000000057,-3.4788390011518118,-3.4788390011518118,1.1630771092333987,0.008976660682226212,-10.400000000000034,-5.159318298698054,-5.159318298698054,-0.4221095292070629,0.02936096718480138,Rise
-10.400000000000034,-5.159318298698054,-5.159318298698054,-0.4221095292070629,0.02936096718480138,-25.19999999999999,-1.9862920820563659,-1.9862920820563659,-1.5532436148978093,0.032467532467532464,Rise
-25.19999999999999,-1.9862920820563659,-1.9862920820563659,-1.5532436148978093,0.032467532467532464,-25.200000000000045,3.4046429814026737,3.4046429814026737,-1.5819351176254486,0.0015698587127158557,Rise
-25.200000000000045,3.4046429814026737,3.4046429814026737,-1.5819351176254486,0.0015698587127158557,-24.049999999999955,7.368251164844992,7.368251164844992,-1.216655544918666,0.001564945226917058,Rise
-24.049999999999955,7.368251164844992,7.368251164844992,-1.216655544918666,0.001564945226917058,2.849999999999966,9.581102140470364,9.581102140470364,0.4812594358770923,0.028831562974203338,Rise
2.849999999999966,9.581102140470364,9.581102140470364,0.4812594358770923,0.028831562974203338,13.600000000000023,6.28120992291781,6.28120992291781,1.4318820429404298,0.017533690769453703,Rise
13.600000000000023,6.28120992291781,6.28120992291781,1.4318820429404298,0.017533690769453703,8.449999999999989,1.3708245790198248,1.3708245790198248,1.1731924164713234,0.0,Rise
8.449999999999989,1.3708245790198248,1.3708245790198248,1.1731924164713234,0.0,1.6999999999999886,-1.312847837969798,-1.312847837969798,0.5234470452363382,0.04084141510722579,Rise
1.6999999999999886,-1.312847837969798,-1.312847837969798,0.5234470452363382,0.04084141510722579,-0.3499999999999659,-1.605843961478115,-1.605843961478115,0.12133402481859434,0.0,Rise
-0.3499999999999659,-1.605843961478115,-1.605843961478115,0.12133402481859434,0.0,-5.400000000000034,-1.0610619949034685,-1.0610619949034685,-0.27606668627046815,0.00651890482398957,Rise
-5.400000000000034,-1.0610619949034685,-1.0610619949034685,-0.27606668627046815,0.00651890482398957,-19.69999999999999,0.2834223311601818,0.2834223311601818,-1.0550735623430967,0.04218362282878412,Rise
-19.69999999999999,0.2834223311601818,0.2834223311601818,-1.0550735623430967,0.04218362282878412,-0.6499999999999773,3.6963622751173943,3.6963622751173943,-0.1252609126962625,0.0,Rise
-0.6499999999999773,3.6963622751173943,3.6963622751173943,-0.1252609126962625,0.0,16.299999999999955,3.141398174071128,3.141398174071128,1.0262350647370226,0.0,Rise
16.299999999999955,3.141398174071128,3.141398174071128,1.0262350647370226,0.0,-1.1499999999999773,-0.7148952341269705,-0.7148952341269705,0.2939368450196298,0.0,Rise
-1.1499999999999773,-0.7148952341269705,-0.7148952341269705,0.2939368450196298,0.0,10.5,-0.9276457241176104,-0.9276457241176104,0.5979600101004792,0.0011890606420927466,Down
10.5,-0.9276457241176104,-0.9276457241176104,0.5979600101004792,0.0011890606420927466,7.899999999999977,-2.4038888977435136,-2.4038888977435136,0.43957495760463416,-0.009592326139088728,Down
7.899999999999977,-2.4038888977435136,-2.4038888977435136,0.43957495760463416,-0.009592326139088728,-10.099999999999966,-3.165299794099951,-3.165299794099951,-0.5958555496650604,-0.009779951100244499,Down
-10.099999999999966,-3.165299794099951,-3.165299794099951,-0.5958555496650604,-0.009779951100244499,1.75,-0.5537683454594458,-0.5537683454594458,-0.194813591912947,-0.01567398119122257,Down
1.75,-0.5537683454594458,-0.5537683454594458,-0.194813591912947,-0.01567398119122257,-10.650000000000034,-0.22559032219953679,-0.22559032219953679,-0.6555382862047168,-0.007055805003207184,Down
-10.650000000000034,-0.22559032219953679,-0.22559032219953679,-0.6555382862047168,-0.007055805003207184,4.2000000000000455,1.679302789076985,1.679302789076985,0.07985196274870532,-0.006501950585175552,Down
4.2000000000000455,1.679302789076985,1.679302789076985,0.07985196274870532,-0.006501950585175552,11.399999999999977,0.7370173779307265,0.7370173779307265,0.6444986448849761,-0.0213903743315508,Down
11.399999999999977,0.7370173779307265,0.7370173779307265,0.6444986448849761,-0.0213903743315508,-1.8999999999999773,-1.5657026499038693,-1.5657026499038693,0.019992920548872917,-0.028089887640449437,Down
-1.8999999999999773,-1.5657026499038693,-1.5657026499038693,0.019992920548872917,-0.028089887640449437,-11.0,-1.1109217712416921,-1.1109217712416921,-0.626357380861748,-0.01466275659824047,Down
-11.0,-1.1109217712416921,-1.1109217712416921,-0.626357380861748,-0.01466275659824047,-11.0,1.1685156322825492,1.1685156322825492,-0.6949909951125903,-0.06497622820919176,Down
-11.0,1.1685156322825492,1.1685156322825492,-0.6949909951125903,-0.06497622820919176,-33.700000000000045,2.992249988775768,2.992249988775768,-1.7115828803652846,-0.02608695652173913,Down
-33.700000000000045,2.992249988775768,2.992249988775768,-1.7115828803652846,-0.02608695652173913,7.5,7.9154557185993895,7.9154557185993895,0.38575613013190946,-0.04477611940298507,Down
7.5,7.9154557185993895,7.9154557185993895,0.38575613013190946,-0.04477611940298507,0.5,4.8475047673701965,4.8475047673701965,0.5878066072546915,-0.06444906444906445,Down
0.5,4.8475047673701965,4.8475047673701965,0.5878066072546915,-0.06444906444906445,-28.299999999999955,2.637011353041885,2.637011353041885,-0.9091395710593702,-0.046511627906976744,Down
-28.299999999999955,2.637011353041885,2.637011353041885,-0.9091395710593702,-0.046511627906976744,13.699999999999989,6.10625866630653,6.10625866630653,0.9236044896582598,-0.044585987261146494,Down
13.699999999999989,6.10625866630653,6.10625866630653,0.9236044896582598,-0.044585987261146494,-37.44999999999999,2.365713663081806,2.365713663081806,-1.2687931900580907,-0.06382978723404255,Down
-37.44999999999999,2.365713663081806,2.365713663081806,-1.2687931900580907,-0.06382978723404255,-54.950000000000045,7.195384941517091,7.195384941517091,-2.547753855961389,-0.03125,Rise
-54.950000000000045,7.195384941517091,7.195384941517091,-2.547753855961389,-0.03125,25.80000000000001,14.760201840750597,14.760201840750597,1.6156087154598993,0.046153846153846156,Rise
25.80000000000001,14.760201840750597,14.760201840750597,1.6156087154598993,0.046153846153846156,-15.649999999999977,6.800937377039304,6.800937377039304,0.4689957437943235,0.04895104895104895,Rise
-15.649999999999977,6.800937377039304,6.800937377039304,0.4689957437943235,0.04895104895104895,11.599999999999966,5.815747507407707,5.815747507407707,1.3937127035357548,0.042879019908116385,Rise
11.599999999999966,5.815747507407707,5.815747507407707,1.3937127035357548,0.042879019908116385,9.550000000000011,1.7796333599998775,1.7796333599998775,1.2898852507510412,0.039492242595204514,Rise
9.550000000000011,1.7796333599998775,1.7796333599998775,1.2898852507510412,0.039492242595204514,-17.05000000000001,-1.077930117901417,-1.077930117901417,-0.32924003523456236,0.03470857891290111,Rise
-17.05000000000001,-1.077930117901417,-1.077930117901417,-0.32924003523456236,0.03470857891290111,9.950000000000045,1.6467860084155177,1.6467860084155177,0.600870386016652,0.07782101167315175,Rise
9.950000000000045,1.6467860084155177,1.6467860084155177,0.600870386016652,0.07782101167315175,-10.450000000000045,-0.10635664000352563,-0.10635664000352563,-0.26027056481129307,0.02292768959435626,Rise
-10.450000000000045,-0.10635664000352563,-0.10635664000352563,-0.26027056481129307,0.02292768959435626,-0.6499999999999773,1.3785717985945212,1.3785717985945212,0.02344126290256554,0.0,Down
-0.6499999999999773,1.3785717985945212,1.3785717985945212,0.02344126290256554,0.0,9.75,1.2748692721626753,1.2748692721626753,0.6238665586361947,-0.008695652173913044,Rise
9.75,1.2748692721626753,1.2748692721626753,0.6238665586361947,-0.008695652173913044,31.100000000000023,-0.7923709062968669,-0.7923709062968669,1.7467208356290769,0.02564102564102564,Rise
31.100000000000023,-0.7923709062968669,-0.7923709062968669,1.7467208356290769,0.02564102564102564,10.699999999999989,-6.056120633941191,-6.056120633941191,0.7142329516011046,0.0,Rise
10.699999999999989,-6.056120633941191,-6.056120633941191,0.7142329516011046,0.0,-4.350000000000023,-6.698038710568198,-6.698038710568198,-0.4908600039275086,0.09502262443438914,Rise
-4.350000000000023,-6.698038710568198,-6.698038710568198,-0.4908600039275086,0.09502262443438914,-0.8999999999999773,-3.8473454864833343,-3.8473454864833343,-0.5817158898005914,0.04095112285336856,Rise
-0.8999999999999773,-3.8473454864833343,-3.8473454864833343,-0.5817158898005914,0.04095112285336856,-2.25,-1.9397814536414444,-1.9397814536414444,-0.5601294776023735,0.006305170239596469,Rise
-2.25,-1.9397814536414444,-1.9397814536414444,-0.5601294776023735,0.006305170239596469,9.800000000000011,-0.6002602969539339,-0.6002602969539339,0.16087234157754438,0.0,Down
9.800000000000011,-0.6002602969539339,-0.6002602969539339,0.16087234157754438,0.0,0.6999999999999886,-1.8102533385213633,-1.8102533385213633,-0.11000158098400448,-0.03180760279286268,Down
0.6999999999999886,-1.8102533385213633,-1.8102533385213633,-0.11000158098400448,-0.03180760279286268,-3.3500000000000227,-1.5251677326088497,-1.5251677326088497,-0.37176344155565744,-0.03382576280546735,Down
-3.3500000000000227,-1.5251677326088497,-1.5251677326088497,-0.37176344155565744,-0.03382576280546735,0.8500000000000227,-0.4109308874204771,-0.4109308874204771,-0.16593931141602525,-0.03689435471921766,Rise
0.8500000000000227,-0.4109308874204771,-0.4109308874204771,-0.16593931141602525,-0.03689435471921766,-7.5,-0.2299144507489359,-0.2299144507489359,-0.48850421009089473,0.024024024024024024,Rise
-7.5,-0.2299144507489359,-0.2299144507489359,-0.48850421009089473,0.024024024024024024,4.25,1.1268931056126803,1.1268931056126803,0.09992716232480348,0.02710413694721826,Down
4.25,1.1268931056126803,1.1268931056126803,0.09992716232480348,0.02710413694721826,-3.150000000000034,0.2690633298020657,0.2690633298020657,-0.11352885841546367,-0.014084507042253521,Down
-3.150000000000034,0.2690633298020657,0.2690633298020657,-0.11352885841546367,-0.014084507042253521,-3.5499999999999545,0.5614039238996043,0.5614039238996043,-0.17485989295445847,-0.0028653295128939827,Down
-3.5499999999999545,0.5614039238996043,0.5614039238996043,-0.17485989295445847,-0.0028653295128939827,-5.350000000000023,1.0146593816159566,1.0146593816159566,-0.24828722472523168,-0.049773755656108594,Down
-5.350000000000023,1.0146593816159566,1.0146593816159566,-0.24828722472523168,-0.049773755656108594,1.3999999999999773,1.6436488306966908,1.6436488306966908,0.11684202068857985,-0.0975609756097561,Rise
1.3999999999999773,1.6436488306966908,1.6436488306966908,0.11684202068857985,-0.0975609756097561,-0.5999999999999659,0.9672641286446151,0.9672641286446151,0.10301239017496755,0.0,Down
-0.5999999999999659,0.9672641286446151,0.9672641286446151,0.10301239017496755,0.0,-15.300000000000011,0.6321119687543728,0.6321119687543728,-0.6567389770140721,-0.036,Down
-15.300000000000011,0.6321119687543728,0.6321119687543728,-0.6567389770140721,-0.036,-18.75,2.9155492858545244,2.9155492858545244,-0.9258165917679548,-0.04329004329004329,Down
-18.75,2.9155492858545244,2.9155492858545244,-0.9258165917679548,-0.04329004329004329,-7.800000000000011,5.449272410086394,5.449272410086394,-0.27387655784053777,-0.0625,Down
-7.800000000000011,5.449272410086394,5.449272410086394,-0.27387655784053777,-0.0625,-7.300000000000011,5.355135460762938,5.355135460762938,0.0014807639057607958,-0.0064516129032258064,Down
-7.300000000000011,5.355135460762938,5.355135460762938,0.0014807639057607958,-0.0064516129032258064,-30.599999999999966,4.7710674822880605,4.7710674822880605,-1.0812081923514825,-0.006535947712418301,Down
-30.599999999999966,4.7710674822880605,4.7710674822880605,-1.0812081923514825,-0.006535947712418301,5.5,8.183366991779565,8.183366991779565,0.6152267592416649,-0.010638297872340425,Rise
5.5,8.183366991779565,8.183366991779565,0.6152267592416649,-0.010638297872340425,-7.0,5.107627912768294,5.107627912768294,0.3761118928712506,0.018469656992084433,Rise
-7.0,5.107627912768294,5.107627912768294,0.3761118928712506,0.018469656992084433,-2.6000000000000227,4.059128762010346,4.059128762010346,0.44915505438586933,0.08095238095238096,Rise
-2.6000000000000227,4.059128762010346,4.059128762010346,0.44915505438586933,0.08095238095238096,18.30000000000001,2.9646693162138718,2.9646693162138718,1.4262369919630942,0.040169133192389,Rise
18.30000000000001,2.9646693162138718,2.9646693162138718,1.4262369919630942,0.040169133192389,-6.800000000000011,-1.2559636968234713,-1.2559636968234713,0.17911417484364733,0.005859769650434431,Rise
-6.800000000000011,-1.2559636968234713,-1.2559636968234713,0.17911417484364733,0.005859769650434431,4.300000000000011,-0.40741463338849826,-0.40741463338849826,0.3241544947390764,0.0,Down
4.300000000000011,-0.40741463338849826,-0.40741463338849826,0.3241544947390764,0.0,-9.350000000000023,-0.8468515783532098,-0.8468515783532098,-0.379664308240109,-0.0038314176245210726,Rise
-9.350000000000023,-0.8468515783532098,-0.8468515783532098,-0.379664308240109,-0.0038314176245210726,-8.449999999999989,0.9205261236037359,0.9205261236037359,-0.4698770874858553,0.07732536421367202,Down
-8.449999999999989,0.9205261236037359,0.9205261236037359,-0.4698770874858553,0.07732536421367202,-12.699999999999989,2.3165803660619417,2.3165803660619417,-0.6154655037623797,-0.11286899479066177,Down
-12.699999999999989,2.3165803660619417,2.3165803660619417,-0.6154655037623797,-0.11286899479066177,-13.099999999999994,3.8937292844510125,3.8937292844510125,-0.5560489278929026,-0.04547521600727603,Down
-13.099999999999994,3.8937292844510125,3.8937292844510125,-0.5560489278929026,-0.04547521600727603,4.150000000000006,5.0420110093654955,5.0420110093654955,0.4354858304465665,-0.04976244061015254,Rise
4.150000000000006,5.0420110093654955,5.0420110093654955,0.4354858304465665,-0.04976244061015254,0.6499999999999773,2.86105429372941,2.86105429372941,0.47084909185906554,0.0,Rise
0.6499999999999773,2.86105429372941,2.86105429372941,0.47084909185906554,0.0,0.700000000000017,1.4355434098802675,1.4355434098802675,0.38978825191101407,0.011703511053315995,Rise
0.700000000000017,1.4355434098802675,1.4355434098802675,0.38978825191101407,0.011703511053315995,21.799999999999983,0.6027771259453232,0.6027771259453232,1.3425123495443785,0.008917197452229299,Rise
21.799999999999983,0.6027771259453232,0.6027771259453232,1.3425123495443785,0.008917197452229299,10.400000000000034,-3.370276296692282,-3.370276296692282,0.7898271089255218,0.0022675736961451248,Rise
10.400000000000034,-3.370276296692282,-3.370276296692282,0.7898271089255218,0.0022675736961451248,-0.6000000000000227,-4.642359768234485,-4.642359768234485,-0.08394388504524386,0.0027575833542241163,Down
-0.6000000000000227,-4.642359768234485,-4.642359768234485,-0.08394388504524386,0.0027575833542241163,21.600000000000023,-3.2069204240800104,-3.2069204240800104,0.7807135937725889,-0.010101010101010102,Down
21.600000000000023,-3.2069204240800104,-3.2069204240800104,0.7807135937725889,-0.010101010101010102,-4.550000000000011,-5.498707058694265,-5.498707058694265,-0.4235318813366007,-0.007712082262210797,Down
-4.550000000000011,-5.498707058694265,-5.498707058694265,-0.4235318813366007,-0.007712082262210797,-9.25,-3.2894358115652267,-3.2894358115652267,-0.9350991476019885,-0.018469656992084433,Down
-9.25,-3.2894358115652267,-3.2894358115652267,-0.9350991476019885,-0.018469656992084433,-7.5,-0.2830786665219307,-0.2830786665219307,-0.8140494979612356,-0.017783857729138167,Down
-7.5,-0.2830786665219307,-0.2830786665219307,-0.8140494979612356,-0.017783857729138167,-2.5,1.5623404131592906,1.5623404131592906,-0.36492470347675976,-0.007860752386299831,Down
-2.5,1.5623404131592906,1.5623404131592906,-0.36492470347675976,-0.007860752386299831,-7.199999999999989,1.76579678871974,1.76579678871974,-0.3922023244360844,-0.007698887938408896,Down
-7.199999999999989,1.76579678871974,1.76579678871974,-0.3922023244360844,-0.007698887938408896,1.5499999999999545,2.4111072550732047,2.4111072550732047,0.11555485416334932,-0.014577259475218658,Down
1.5499999999999545,2.4111072550732047,2.4111072550732047,0.11555485416334932,-0.014577259475218658,2.75,1.4566232477744165,1.4566232477744165,0.3047710369104948,-0.013493253373313344,Down
2.75,1.4566232477744165,1.4566232477744165,0.3047710369104948,-0.013493253373313344,-1.1499999999999773,0.3536681639664607,0.3536681639664607,0.10558168435255766,-0.021739130434782608,Down
-1.1499999999999773,0.3536681639664607,0.3536681639664607,0.10558168435255766,-0.021739130434782608,3.6499999999999773,0.2436195953429774,0.2436195953429774,0.2647085417146684,-0.026058631921824105,Rise
3.6499999999999773,0.2436195953429774,0.2436195953429774,0.2647085417146684,-0.026058631921824105,2.7000000000000455,-0.4642616978752585,-0.4642616978752585,0.2120048905803742,0.0,Rise
2.7000000000000455,-0.4642616978752585,-0.4642616978752585,0.2120048905803742,0.0,3.8999999999999773,-0.8774880141198764,-0.8774880141198764,0.2137928171239878,0.014827018121911038,Rise
3.8999999999999773,-0.8774880141198764,-0.8774880141198764,0.2137928171239878,0.014827018121911038,6.399999999999977,-1.3038630621206835,-1.3038630621206835,0.29657063166226294,0.031446540880503145,Rise
6.399999999999977,-1.3038630621206835,-1.3038630621206835,0.29657063166226294,0.031446540880503145,8.75,-2.006971216080615,-2.006971216080615,0.37958984969131393,0.0,Rise
8.75,-2.006971216080615,-2.006971216080615,0.37958984969131393,0.0,4.900000000000034,-2.91349883638037,-2.91349883638037,0.13607764516174825,0.0,Rise
4.900000000000034,-2.91349883638037,-2.91349883638037,0.13607764516174825,0.0,-6.949999999999989,-2.9100871609702494,-2.9100871609702494,-0.5566915452294552,0.043731778425655975,Rise
-6.949999999999989,-2.9100871609702494,-2.9100871609702494,-0.5566915452294552,0.043731778425655975,0.39999999999997726,-0.7811561614117863,-0.7811561614117863,-0.2856839933009212,0.013774104683195593,Rise
0.39999999999997726,-0.7811561614117863,-0.7811561614117863,-0.2856839933009212,0.013774104683195593,1.8000000000000114,-0.23261560768145273,-0.23261560768145273,-0.07724492906217506,0.029023746701846966,Rise
1.8000000000000114,-0.23261560768145273,-0.23261560768145273,-0.07724492906217506,0.029023746701846966,5.099999999999966,-0.3636536461659148,-0.3636536461659148,0.16573577602187584,0.0,Rise
5.099999999999966,-0.3636536461659148,-0.3636536461659148,0.16573577602187584,0.0,-4.399999999999977,-1.1142754371913384,-1.1142754371913384,-0.26951716765728406,0.034653465346534656,Down
-4.399999999999977,-1.1142754371913384,-1.1142754371913384,-0.26951716765728406,0.034653465346534656,-13.350000000000023,-0.13462058996515225,-0.13462058996515225,-0.7936896172295747,-0.002398081534772182,Down
-13.350000000000023,-0.13462058996515225,-0.13462058996515225,-0.7936896172295747,-0.002398081534772182,-3.3999999999999773,2.298528747894295,2.298528747894295,-0.29470342865533894,-0.0024096385542168677,Down
-3.3999999999999773,2.298528747894295,2.298528747894295,-0.29470342865533894,-0.0024096385542168677,-0.6000000000000227,2.5045440549060913,2.5045440549060913,0.05393311364801434,-0.002421307506053269,Down
-0.6000000000000227,2.5045440549060913,2.5045440549060913,0.05393311364801434,-0.002421307506053269,-17.099999999999966,1.8040319211060591,1.8040319211060591,-0.6772625463906081,-0.05505761843790013,Down
-17.099999999999966,1.8040319211060591,1.8040319211060591,-0.6772625463906081,-0.05505761843790013,4.550000000000011,3.9359359251040473,3.9359359251040473,0.321331264875937,-0.030726256983240222,Down
4.550000000000011,3.9359359251040473,3.9359359251040473,0.321331264875937,-0.030726256983240222,-2.5500000000000114,2.2209412840689993,2.2209412840689993,0.20164315528072052,-0.049924357034795766,Down
-2.5500000000000114,2.2209412840689993,2.2209412840689993,0.20164315528072052,-0.049924357034795766,-15.800000000000011,1.619795082540179,1.619795082540179,-0.5370919086540198,-0.051926298157453935,Down
-15.800000000000011,1.619795082540179,1.619795082540179,-0.5370919086540198,-0.051926298157453935,-0.10000000000002274,3.613005688105318,3.613005688105318,0.1337059538963956,-0.0035460992907801418,Rise
-0.10000000000002274,3.613005688105318,3.613005688105318,0.1337059538963956,-0.0035460992907801418,-22.99999999999997,2.757538892997786,2.757538892997786,-0.8367958781177833,0.01576182136602452,Rise
-22.99999999999997,2.757538892997786,2.757538892997786,-0.8367958781177833,0.01576182136602452,11.599999999999994,5.52911479614724,5.52911479614724,0.7694127479015265,0.003436426116838488,Rise
11.599999999999994,5.52911479614724,5.52911479614724,0.7694127479015265,0.003436426116838488,2.0999999999999943,2.214672514623061,2.214672514623061,0.6223927861270226,0.0023915271609156134,Rise
2.0999999999999943,2.214672514623061,2.214672514623061,0.6223927861270226,0.0023915271609156134,13.250000000000028,0.5740412961613401,0.5740412961613401,1.011308240369246,0.002719238613188307,Rise
13.250000000000028,0.5740412961613401,0.5740412961613401,1.011308240369246,0.002719238613188307,-15.250000000000028,-2.0990776723027693,-2.0990776723027693,-0.4992787714319036,0.001692047377326565,Rise
-15.250000000000028,-2.0990776723027693,-2.0990776723027693,-0.4992787714319036,0.001692047377326565,1.5500000000000114,0.6967617237208401,0.6967617237208401,-0.012599120685905518,0.0,Down
1.5500000000000114,0.6967617237208401,0.6967617237208401,-0.012599120685905518,0.0,-7.75,0.6721477151511408,0.6721477151511408,-0.3290754013249,-0.003389830508474576,Down
-7.75,0.6721477151511408,0.6721477151511408,-0.3290754013249,-0.003389830508474576,-4.450000000000017,1.7356628086724584,1.7356628086724584,-0.1932032052516206,-0.010309278350515464,Down
-4.450000000000017,1.7356628086724584,1.7356628086724584,-0.1932032052516206,-0.010309278350515464,-5.099999999999994,2.076027721368547,2.076027721368547,-0.14630090537932006,-0.006993006993006993,Down
-5.099999999999994,2.076027721368547,2.076027721368547,-0.14630090537932006,-0.006993006993006993,-5.5,2.2907459663616976,2.2907459663616976,-0.1229700343417619,-0.017921146953405017,Down
-5.5,2.2907459663616976,2.2907459663616976,-0.1229700343417619,-0.017921146953405017,-2.0,2.479617018406657,2.479617018406657,0.08362323383785508,-0.04182509505703422,Down
-2.0,2.479617018406657,2.479617018406657,0.08362323383785508,-0.04182509505703422,1.3000000000000114,2.017889854278593,2.017889854278593,0.2938765675241797,-0.125,Down
1.3000000000000114,2.017889854278593,2.017889854278593,0.2938765675241797,-0.125,-3.0500000000000114,1.0516387088310637,1.0516387088310637,0.0806772541252343,-0.05945945945945946,Down
-3.0500000000000114,1.0516387088310637,1.0516387088310637,0.0806772541252343,-0.05945945945945946,3.3000000000000114,1.0483839483127895,1.0483839483127895,0.3180820092804879,-0.008695652173913044,Rise
3.3000000000000114,1.0483839483127895,1.0483839483127895,0.3180820092804879,-0.008695652173913044,1.5,0.14838017212213117,0.14838017212213117,0.2356870339709758,0.031161473087818695,Rise
1.5,0.14838017212213117,0.14838017212213117,0.2356870339709758,0.031161473087818695,-2.0,-0.3010805146170412,-0.3010805146170412,-0.01116886541606732,0.04712041884816754,Rise
-2.0,-0.3010805146170412,-0.3010805146170412,-0.01116886541606732,0.04712041884816754,2.5999999999999943,0.05770287579878186,0.05770287579878186,0.1470081378510315,0.0430622009569378,Rise
2.5999999999999943,0.05770287579878186,0.05770287579878186,0.1470081378510315,0.0430622009569378,11.5,-0.3350675177315168,-0.3350675177315168,0.6100596112609651,0.018018018018018018,Rise
11.5,-0.3350675177315168,-0.3350675177315168,0.6100596112609651,0.018018018018018018,2.0,-2.2055067440760467,-2.2055067440760467,0.1519631310317351,0.05042016806722689,Down
2.0,-2.2055067440760467,-2.2055067440760467,0.1519631310317351,0.05042016806722689,1.8499999999999943,-2.115411033774791,-2.115411033774791,-0.023358439243367002,-0.002004008016032064,Down
1.8499999999999943,-2.115411033774791,-2.115411033774791,-0.023358439243367002,-0.002004008016032064,3.8499999999999943,-1.7035914041329931,-1.7035914041329931,0.02871677752277435,-0.002012072434607646,Rise
3.8499999999999943,-1.7035914041329931,-1.7035914041329931,0.02871677752277435,-0.002012072434607646,-7.199999999999989,-1.7087576644816806,-1.7087576644816806,-0.5139040129519401,0.0,Rise
-7.199999999999989,-1.7087576644816806,-1.7087576644816806,-0.5139040129519401,0.0,5.25,0.059967180287429755,0.059967180287429755,0.048590552496023065,0.04980842911877394,Rise
5.25,0.059967180287429755,0.059967180287429755,0.048590552496023065,0.04980842911877394,-5.300000000000011,-0.5402344056801951,-0.5402344056801951,-0.3198791883687875,0.007246376811594203,Rise
-5.300000000000011,-0.5402344056801951,-0.5402344056801951,-0.3198791883687875,0.007246376811594203,-6.699999999999989,0.423143465218601,0.423143465218601,-0.43644427295446064,0.06711409395973154,Rise
-6.699999999999989,0.423143465218601,0.423143465218601,-0.43644427295446064,0.06711409395973154,3.9000000000000057,1.5593252886288553,1.5593252886288553,0.14587505626072073,0.027522935779816515,Rise
3.9000000000000057,1.5593252886288553,1.5593252886288553,0.14587505626072073,0.027522935779816515,0.8499999999999943,0.5789138296542831,0.5789138296542831,0.1388958437731418,0.0,Rise
0.8499999999999943,0.5789138296542831,0.5789138296542831,0.1388958437731418,0.0,-1.5500000000000114,0.08087397660710849,0.08087397660710849,-0.01097708872778469,0.02040816326530612,Down
-1.5500000000000114,0.08087397660710849,0.08087397660710849,-0.01097708872778469,0.02040816326530612,-8.599999999999994,0.2292426755635404,0.2292426755635404,-0.4062435507324835,-0.005747126436781609,Down
-8.599999999999994,0.2292426755635404,0.2292426755635404,-0.4062435507324835,-0.005747126436781609,2.8000000000000114,1.6108899002017552,1.6108899002017552,0.12642522081259244,-0.005813953488372093,Down
2.8000000000000114,1.6108899002017552,1.6108899002017552,0.12642522081259244,-0.005813953488372093,2.4499999999999886,0.8375344709075421,0.8375344709075421,0.24344080811360413,-0.03793626707132018,Down
2.4499999999999886,0.8375344709075421,0.8375344709075421,0.24344080811360413,-0.03793626707132018,-1.25,0.021130409055984956,0.021130409055984956,0.0448573226811817,-0.06197654941373534,Rise
-1.25,0.021130409055984956,0.021130409055984956,0.0448573226811817,-0.06197654941373534,-0.19999999999998863,0.08635292906205905,0.08635292906205905,0.028810812515217776,0.0070921985815602835,Rise
-0.19999999999998863,0.08635292906205905,0.08635292906205905,0.028810812515217776,0.0070921985815602835,0.5999999999999943,0.10177237270906403,0.10177237270906403,0.05823469696237282,0.06578947368421052,Down
0.5999999999999943,0.10177237270906403,0.10177237270906403,0.05823469696237282,0.06578947368421052,2.8499999999999943,-0.02958184425281729,-0.02958184425281729,0.16791492290407461,-0.043478260869565216,Down
2.8499999999999943,-0.02958184425281729,-0.02958184425281729,0.16791492290407461,-0.043478260869565216,-3.4000000000000057,-0.516613598995491,-0.516613598995491,-0.14526399389424682,-0.008488964346349746,Rise
-3.4000000000000057,-0.516613598995491,-0.516613598995491,-0.14526399389424682,-0.008488964346349746,-0.9499999999999886,0.1410856415458852,0.1410856415458852,-0.08766487015489588,0.004432321854756222,Rise
-0.9499999999999886,0.1410856415458852,0.1410856415458852,-0.08766487015489588,0.004432321854756222,-3.75,0.36200696778749375,0.36200696778749375,-0.19285215900211483,0.0016943409013893595,Rise
-3.75,0.36200696778749375,0.36200696778749375,-0.19285215900211483,0.0016943409013893595,-5.699999999999989,0.9031581995652687,0.9031581995652687,-0.2833379138558456,0.002699055330634278,Rise
-5.699999999999989,0.9031581995652687,0.9031581995652687,-0.2833379138558456,0.002699055330634278,-0.30000000000001137,1.6422973383398016,1.6422973383398016,0.01618394245919319,0.004688546550569324,Rise
-0.30000000000001137,1.6422973383398016,1.6422973383398016,0.01618394245919319,0.004688546550569324,-5.800000000000011,1.268054748688968,1.268054748688968,-0.17219628913812812,0.0033222591362126247,Down
-5.800000000000011,1.268054748688968,1.268054748688968,-0.17219628913812812,0.0033222591362126247,-13.774999999999977,1.7496627341841702,1.7496627341841702,-0.5930211007896986,-0.006666666666666667,Down
-13.774999999999977,1.7496627341841702,1.7496627341841702,-0.5930211007896986,-0.006666666666666667,-13.775000000000006,3.54254315370531,3.54254315370531,-0.6006643241272371,-0.003367003367003367,Rise
-13.775000000000006,3.54254315370531,3.54254315370531,-0.6006643241272371,-0.003367003367003367,8.299999999999983,4.956342172390407,4.956342172390407,0.620925573696951,0.003367003367003367,Down
8.299999999999983,4.956342172390407,4.956342172390407,0.620925573696951,0.003367003367003367,-3.1999999999999886,2.156527951374443,2.156527951374443,0.28821742830481867,-0.006756756756756757,Down
-3.1999999999999886,2.156527951374443,2.156527951374443,0.28821742830481867,-0.006756756756756757,-2.5500000000000114,1.5043829307469707,1.5043829307469707,0.16326149902621978,-0.005128205128205128,Down
-2.5500000000000114,1.5043829307469707,1.5043829307469707,0.16326149902621978,-0.005128205128205128,6.700000000000017,1.3192311170600703,1.3192311170600703,0.5556224204374018,-0.002411298656562177,Down
6.700000000000017,1.3192311170600703,1.3192311170600703,0.5556224204374018,-0.002411298656562177,1.9499999999999886,-0.268037890907749,-0.268037890907749,0.3247062127732647,-0.013296011196641007,Down
1.9499999999999886,-0.268037890907749,-0.268037890907749,0.3247062127732647,-0.013296011196641007,-6.400000000000006,-0.7682367619331387,-0.7682367619331387,-0.2270098920806305,-0.048327137546468404,Down
-6.400000000000006,-0.7682367619331387,-0.7682367619331387,-0.2270098920806305,-0.048327137546468404,0.8000000000000114,0.47114234687367684,0.47114234687367684,0.012877254879327893,-0.03643724696356275,Rise
0.8000000000000114,0.47114234687367684,0.47114234687367684,0.012877254879327893,-0.03643724696356275,-5.800000000000011,0.38732474938359474,0.38732474938359474,-0.2477320520085442,0.02857142857142857,Rise
-5.800000000000011,0.38732474938359474,0.38732474938359474,-0.2477320520085442,0.02857142857142857,-4.099999999999994,1.2109135666740372,1.2109135666740372,-0.19136843367320466,0.015625,Rise
-4.099999999999994,1.2109135666740372,1.2109135666740372,-0.19136843367320466,0.015625,-0.25,1.6278738473311023,1.6278738473311023,0.05631433856204637,0.0,Down
-0.25,1.6278738473311023,1.6278738473311023,0.05631433856204637,0.0,-10.75,1.1964092783302362,1.1964092783302362,-0.4056436974798032,-0.0196078431372549,Down
-10.75,1.1964092783302362,1.1964092783302362,-0.4056436974798032,-0.0196078431372549,3.0500000000000114,2.517362090720013,2.517362090720013,0.22689763120361306,-0.0012014417300760913,Down
3.0500000000000114,2.517362090720013,2.517362090720013,0.22689763120361306,-0.0012014417300760913,-7.150000000000006,1.3900668625449555,1.3900668625449555,-0.13871949643207415,-8.025682182985554E-4,Rise
-7.150000000000006,1.3900668625449555,1.3900668625449555,-0.13871949643207415,-8.025682182985554E-4,3.5999999999999943,1.9304953703341425,1.9304953703341425,0.3168392645636118,0.0,Down
3.5999999999999943,1.9304953703341425,1.9304953703341425,0.3168392645636118,0.0,1.450000000000017,0.777068331520951,0.777068331520951,0.2826390399496148,-0.006060606060606061,Rise
1.450000000000017,0.777068331520951,0.777068331520951,0.2826390399496148,-0.006060606060606061,-2.4000000000000057,0.08414104787843257,0.08414104787843257,0.02335116457550157,0.0,Rise
-2.4000000000000057,0.08414104787843257,0.08414104787843257,0.02335116457550157,0.0,-2.8000000000000114,0.34060615131187433,0.34060615131187433,-0.07910543095184153,0.008464328899637243,Rise
-2.8000000000000114,0.34060615131187433,0.34060615131187433,-0.07910543095184153,0.008464328899637243,1.950000000000017,0.7364816181135154,0.7364816181135154,0.14347867658031532,0.023037875829754,Rise